Atelectasis,Cardiomegaly,Consolidation,Edema,Enlarged Cardiomediastinum,Fracture,Lung Lesion,Lung Opacity,No Finding,Pleural Effusion,Pleural Other,Pneumonia,Pneumothorax,Support Devices,Average
0.25754310344827586,0.3462489694971146,0.11970074812967581,0.4372146118721461,0.023255813953488372,0.04225352112676056,0.06920415224913495,0.3232974910394265,0.42792792792792794,0.5771276595744681,0.09230769230769231,0.2,0.10810810810810811,0.40665701881331406,0.24506048700339528
