Atelectasis,Cardiomegaly,Consolidation,Edema,Enlarged Cardiomediastinum,Fracture,Lung Lesion,Lung Opacity,No Finding,Pleural Effusion,Pleural Other,Pneumonia,Pneumothorax,Support Devices,Average
0.42451154529307283,0.5982905982905983,0.23300970873786409,0.5424929178470255,0.11494252873563218,0.03,0.13793103448275862,0.4678423236514523,0.1100811123986095,0.7,0.14814814814814814,0.18974358974358974,0.21621621621621623,0.44043887147335425,0.31097489964416586
